{"cameraMode":{"drawMode":0,"name":"Shaded","section":"Shading Mode"},"sceneLighting":false,"audioPlay":false,"sceneViewState":{"showFog":true,"showMaterialUpdate":false,"showSkybox":true,"showFlares":true,"showImageEffects":true,"showParticleSystems":true},"in2DMode":false,"pivot":{"x":0.5603278279304504,"y":-0.7908200025558472,"z":0.9612619280815125},"rotation":{"x":-0.18325354158878327,"y":-0.14335700869560243,"z":0.027034712955355645,"w":-0.9721991419792175},"size":0.17950326204299928,"orthographic":false}