{"cameraMode":{"drawMode":0,"name":"Shaded","section":"Shading Mode"},"sceneLighting":false,"audioPlay":false,"sceneViewState":{"showFog":true,"showMaterialUpdate":false,"showSkybox":true,"showFlares":true,"showImageEffects":true,"showParticleSystems":true},"in2DMode":false,"pivot":{"x":63.93608093261719,"y":79.84856414794922,"z":154.74990844726563},"rotation":{"x":0.20395120978355409,"y":0.13201382756233216,"z":-0.02778148464858532,"w":0.9696755409240723},"size":24.10572052001953,"orthographic":false}