{"cameraMode":{"drawMode":0,"name":"Shaded","section":"Shading Mode"},"sceneLighting":false,"audioPlay":false,"sceneViewState":{"showFog":true,"showMaterialUpdate":false,"showSkybox":true,"showFlares":true,"showImageEffects":true,"showParticleSystems":true},"in2DMode":false,"pivot":{"x":4.83167839050293,"y":8.983394622802735,"z":6.32758903503418},"rotation":{"x":-0.20062021911144257,"y":-0.08745378255844116,"z":0.017996594309806825,"w":-0.9756098985671997},"size":19.288890838623048,"orthographic":false}