{"cameraMode":{"drawMode":0,"name":"Shaded","section":"Shading Mode"},"sceneLighting":false,"audioPlay":false,"sceneViewState":{"showFog":true,"showMaterialUpdate":false,"showSkybox":true,"showFlares":true,"showImageEffects":true,"showParticleSystems":true},"in2DMode":false,"pivot":{"x":-0.00009083832992473617,"y":0.036751993000507358,"z":-0.10824576765298844},"rotation":{"x":0.24642637372016908,"y":0.3932191729545593,"z":-0.11023367196321488,"w":0.8791022896766663},"size":0.11398712545633316,"orthographic":false}