{"cameraMode":{"drawMode":0,"name":"Shaded","section":"Shading Mode"},"sceneLighting":true,"audioPlay":false,"sceneViewState":{"showFog":true,"showMaterialUpdate":false,"showSkybox":true,"showFlares":true,"showImageEffects":true,"showParticleSystems":true},"in2DMode":false,"pivot":{"x":0.0366806760430336,"y":1.2046078443527222,"z":7.281261920928955},"rotation":{"x":-0.09473320096731186,"y":-0.016350526362657548,"z":-0.0005602883757092059,"w":-0.9958519339561462},"size":0.752770721912384,"orthographic":false}