{"cameraMode":{"drawMode":0,"name":"Shaded","section":"Shading Mode"},"sceneLighting":false,"audioPlay":false,"sceneViewState":{"showFog":true,"showMaterialUpdate":false,"showSkybox":true,"showFlares":true,"showImageEffects":true,"showParticleSystems":true},"in2DMode":false,"pivot":{"x":-0.2535651922225952,"y":-0.17504668235778809,"z":0.09108778834342957},"rotation":{"x":0.2030450701713562,"y":-0.47214600443840029,"z":0.11267564445734024,"w":0.8506136536598206},"size":1.0896580219268799,"orthographic":false}