{"cameraMode":{"drawMode":0,"name":"Shaded","section":"Shading Mode"},"sceneLighting":false,"audioPlay":false,"sceneViewState":{"showFog":true,"showMaterialUpdate":false,"showSkybox":true,"showFlares":true,"showImageEffects":true,"showParticleSystems":true},"in2DMode":false,"pivot":{"x":-0.13920536637306214,"y":0.08697418123483658,"z":-0.17266793549060822},"rotation":{"x":0.11908082664012909,"y":0.48291531205177309,"z":-0.0665198490023613,"w":0.8651662468910217},"size":0.41398710012435915,"orthographic":false}