{"cameraMode":{"drawMode":0,"name":"Shaded","section":"Shading Mode"},"sceneLighting":false,"audioPlay":false,"sceneViewState":{"showFog":true,"showMaterialUpdate":false,"showSkybox":true,"showFlares":true,"showImageEffects":true,"showParticleSystems":true},"in2DMode":false,"pivot":{"x":-0.460999995470047,"y":0.1899999976158142,"z":0.27000001072883608},"rotation":{"x":0.20219632983207704,"y":-0.6461467146873474,"z":0.18321403861045838,"w":0.7130432724952698},"size":0.5715767741203308,"orthographic":false}