{"cameraMode":{"drawMode":0,"name":"Shaded","section":"Shading Mode"},"sceneLighting":false,"audioPlay":false,"sceneViewState":{"showFog":true,"showMaterialUpdate":false,"showSkybox":true,"showFlares":true,"showImageEffects":true,"showParticleSystems":true},"in2DMode":false,"pivot":{"x":13.130000114440918,"y":2.384185791015625e-7,"z":0.0},"rotation":{"x":0.20860600471496583,"y":-0.6481677889823914,"z":0.1911269873380661,"w":0.7071534991264343},"size":18.426435470581056,"orthographic":false}