{"cameraMode":{"drawMode":0,"name":"Shaded","section":"Shading Mode"},"sceneLighting":false,"audioPlay":false,"sceneViewState":{"showFog":true,"showMaterialUpdate":false,"showSkybox":true,"showFlares":true,"showImageEffects":true,"showParticleSystems":true},"in2DMode":false,"pivot":{"x":-0.2792109251022339,"y":-0.0489274263381958,"z":0.07346850633621216},"rotation":{"x":0.16955557465553285,"y":-0.6295578479766846,"z":0.14327798783779145,"w":0.7448269724845886},"size":1.0896580219268799,"orthographic":false}