{"cameraMode":{"drawMode":0,"name":"Shaded","section":"Shading Mode"},"sceneLighting":false,"audioPlay":false,"sceneViewState":{"showFog":true,"showMaterialUpdate":false,"showSkybox":true,"showFlares":true,"showImageEffects":true,"showParticleSystems":true},"in2DMode":false,"pivot":{"x":6.864999771118164,"y":9.572338104248047,"z":6.086999893188477},"rotation":{"x":-0.18325354158878327,"y":-0.14335700869560243,"z":0.027034712955355645,"w":-0.9721991419792175},"size":22.19103240966797,"orthographic":false}