{"cameraMode":{"drawMode":0,"name":"Shaded","section":"Shading Mode"},"sceneLighting":true,"audioPlay":false,"sceneViewState":{"showFog":true,"showMaterialUpdate":false,"showSkybox":true,"showFlares":true,"showImageEffects":true,"showParticleSystems":true},"in2DMode":false,"pivot":{"x":-0.23010283708572389,"y":-0.4141467809677124,"z":0.5738943815231323},"rotation":{"x":-0.1681726574897766,"y":0.8018113374710083,"z":-0.27084994316101076,"w":-0.5063782334327698},"size":0.752770721912384,"orthographic":false}