{"cameraMode":{"drawMode":0,"name":"Shaded","section":"Shading Mode"},"sceneLighting":false,"audioPlay":false,"sceneViewState":{"showFog":true,"showMaterialUpdate":false,"showSkybox":true,"showFlares":true,"showImageEffects":true,"showParticleSystems":true},"in2DMode":false,"pivot":{"x":-18.00423240661621,"y":-12.875411987304688,"z":9.820632934570313},"rotation":{"x":0.16938477754592896,"y":-0.636023998260498,"z":0.145733043551445,"w":0.7388749122619629},"size":14.289420127868653,"orthographic":false}