{"cameraMode":{"drawMode":0,"name":"Shaded","section":"Shading Mode"},"sceneLighting":false,"audioPlay":false,"sceneViewState":{"showFog":true,"showMaterialUpdate":false,"showSkybox":true,"showFlares":true,"showImageEffects":true,"showParticleSystems":true},"in2DMode":false,"pivot":{"x":0.1605445295572281,"y":0.028744634240865709,"z":-1.111806035041809},"rotation":{"x":-0.1520557850599289,"y":0.030248647555708886,"z":0.004659282974898815,"w":0.9880617260932922},"size":0.41398710012435915,"orthographic":false}