{"cameraMode":{"drawMode":0,"name":"Shaded","section":"Shading Mode"},"sceneLighting":false,"audioPlay":false,"sceneViewState":{"showFog":true,"showMaterialUpdate":false,"showSkybox":true,"showFlares":true,"showImageEffects":true,"showParticleSystems":true},"in2DMode":false,"pivot":{"x":0.29455000162124636,"y":-0.39800000190734866,"z":0.4461897611618042},"rotation":{"x":-0.08874071389436722,"y":-0.00739207724109292,"z":-0.0016029904363676906,"w":-0.9964301586151123},"size":5.04046106338501,"orthographic":false}